Country Code,Short Name,Table Name,Long Name,2-alpha code,Currency Unit,Special Notes,Region,Income Group,WB-2 code,National accounts base year,National accounts reference year,SNA price valuation,Lending category,Other groups,System of National Accounts,Alternative conversion factor,PPP survey year,Balance of Payments Manual in use
ABW,Aruba,Aruba,Aruba,AW,Aruban florin,SNA data for 2000-2011 are updated from official government statistics; 1994-1999 from UN databases. Base year has changed from 1995 to 2000.,Latin America & Caribbean,High income: nonOECD,AW,2000,,Value added at basic prices (VAB),,,Country uses the 1993 System of National Accounts methodology.,,,"IMF Balance of Payments Manual, 6th edition."
AFG,Afghanistan,Afghanistan,Islamic State of Afghanistan,AF,Afghan afghani,Fiscal year end: March 20; reporting period for national accounts data: FY (from 2013 are CY). National accounts data are sourced from the IMF and differ from the Central Statistics Organization numbers due to exclusion of the opium economy.,South Asia,Low income,AF,2002/03,,Value added at basic prices (VAB),IDA,HIPC,Country uses the 1993 System of National Accounts methodology.,,,
AGO,Angola,Angola,People's Republic of Angola,AO,Angolan kwanza,"April 2013 database update: Based on IMF data, national accounts data were revised for 2000 onward; the base year changed to 2002.",Sub-Saharan Africa,Upper middle income,AO,2002,,Value added at producer prices (VAP),IBRD,,Country uses the 1993 System of National Accounts methodology.,1991–96,2005,"IMF Balance of Payments Manual, 6th edition."
ALB,Albania,Albania,Republic of Albania,AL,Albanian lek,,Europe & Central Asia,Upper middle income,AL,Original chained constant price data are rescaled.,1996,Value added at basic prices (VAB),IBRD,,Country uses the 1993 System of National Accounts methodology.,,Rolling,"IMF Balance of Payments Manual, 6th edition."
AND,Andorra,Andorra,Principality of Andorra,AD,Euro,,Europe & Central Asia,High income: nonOECD,AD,1990,,,,,Country uses the 1968 System of National Accounts methodology.,,,
ARB,Arab World,Arab World,Arab World,1A,,Arab World aggregate. Arab World is composed of members of the League of Arab States.,,,1A,,,,,,,,,
ARE,United Arab Emirates,United Arab Emirates,United Arab Emirates,AE,U.A.E. dirham,"April 2013 database update: Based on data from the National Bureau of Statistics, national accounts data were revised for 2001 onward; the base year changed to 2007.",Middle East & North Africa,High income: nonOECD,AE,2007,,Value added at producer prices (VAP),,,Country uses the 1993 System of National Accounts methodology.,,,"IMF Balance of Payments Manual, 6th edition."
ARG,Argentina,Argentina,Argentine Republic,AR,Argentine peso,,Latin America & Caribbean,Upper middle income,AR,2004,,Value added at basic prices (VAB),IBRD,,Country uses the 1993 System of National Accounts methodology.,1971–84,2005,"IMF Balance of Payments Manual, 6th edition."
ARM,Armenia,Armenia,Republic of Armenia,AM,Armenian dram,,Europe & Central Asia,Lower middle income,AM,Original chained constant price data are rescaled.,1996,Value added at basic prices (VAB),IBRD,,Country uses the 1993 System of National Accounts methodology.,1990–95,2005,"IMF Balance of Payments Manual, 6th edition."
ASM,American Samoa,American Samoa,American Samoa,AS,U.S. dollar,,East Asia & Pacific,Upper middle income,AS,,,,,,Country uses the 1968 System of National Accounts methodology.,,,
ATG,Antigua and Barbuda,Antigua and Barbuda,Antigua and Barbuda,AG,East Caribbean dollar,"April 2012 database update: Based on official government statistics, national accounts data were revised for 2000 onward; the base year changed to 2006.",Latin America & Caribbean,High income: nonOECD,AG,2006,,Value added at basic prices (VAB),IBRD,,Country uses the 1968 System of National Accounts methodology.,,,"IMF Balance of Payments Manual, 6th edition."
AUS,Australia,Australia,Commonwealth of Australia,AU,Australian dollar,Fiscal year end: June 30; reporting period for national accounts data: FY. Value added current series updated by the Australian Bureau of Statistics; data revised from 1990 onward; Australia reports using SNA 2008.,East Asia & Pacific,High income: OECD,AU,Original chained constant price data are rescaled.,2012,Value added at basic prices (VAB),,,Country uses the 2008 System of National Accounts methodology.,,2011,"IMF Balance of Payments Manual, 6th edition."
AUT,Austria,Austria,Republic of Austria,AT,Euro,"A simple multiplier is used to convert the national currencies of EMU members to euros. The following irrevocable euro conversion rate was adopted by the EU Council on January 1, 1999: 1 euro = 13.7603 Austrian schilling. Please note that historical data before 1999 are not actual euros and are not comparable or suitable for aggregation across countries.",Europe & Central Asia,High income: OECD,AT,2005,,Value added at basic prices (VAB),,Euro area,Country uses the 1993 System of National Accounts methodology.,,Rolling,"IMF Balance of Payments Manual, 6th edition."
AZE,Azerbaijan,Azerbaijan,Republic of Azerbaijan,AZ,New Azeri manat,April 2012 database update: National accounts historical expenditure series in constant prices were revised in line with State Statistical Committee data that were not previously available.,Europe & Central Asia,Upper middle income,AZ,2000,,Value added at basic prices (VAB),IBRD,,Country uses the 1993 System of National Accounts methodology.,1992–95,2005,"IMF Balance of Payments Manual, 6th edition."
BDI,Burundi,Burundi,Republic of Burundi,BI,Burundi franc,,Sub-Saharan Africa,Low income,BI,2005,,Value added at basic prices (VAB),IDA,HIPC,Country uses the 1993 System of National Accounts methodology.,,2005,"IMF Balance of Payments Manual, 6th edition."
BEL,Belgium,Belgium,Kingdom of Belgium,BE,Euro,"A simple multiplier is used to convert the national currencies of EMU members to euros. The following irrevocable euro conversion rate was adopted by the EU Council on January 1, 1999: 1 euro = 40.3399 Belgian franc. Please note that historical data before 1999 are not actual euros and are not comparable or suitable for aggregation across countries.",Europe & Central Asia,High income: OECD,BE,2005,,Value added at basic prices (VAB),,Euro area,Country uses the 1993 System of National Accounts methodology.,,Rolling,"IMF Balance of Payments Manual, 6th edition."
BEN,Benin,Benin,Republic of Benin,BJ,CFA franc,,Sub-Saharan Africa,Low income,BJ,1985,,Value added at producer prices (VAP),IDA,HIPC,Country uses the 1968 System of National Accounts methodology.,1992,2005,"IMF Balance of Payments Manual, 6th edition."
BFA,Burkina Faso,Burkina Faso,Burkina Faso,BF,CFA franc,,Sub-Saharan Africa,Low income,BF,1999,,Value added at basic prices (VAB),IDA,HIPC,Country uses the 1993 System of National Accounts methodology.,1992–93,2005,"IMF Balance of Payments Manual, 6th edition."
BGD,Bangladesh,Bangladesh,People's Republic of Bangladesh,BD,Bangladeshi taka,Fiscal year end: June 30; reporting period for national accounts data: FY.,South Asia,Low income,BD,1995/96,,Value added at basic prices (VAB),IDA,,Country uses the 1993 System of National Accounts methodology.,,2005,"IMF Balance of Payments Manual, 6th edition."
BGR,Bulgaria,Bulgaria,Republic of Bulgaria,BG,Bulgarian lev,April 2011 database update: The National Statistical Office revised national accounts data from 1995 onward. GDP in current prices were about 4 percent higher than previous estimates.,Europe & Central Asia,Upper middle income,BG,Original chained constant price data are rescaled.,2002,Value added at basic prices (VAB),IBRD,,Country uses the 1993 System of National Accounts methodology.,"1978–89, 1991–92",Rolling,"IMF Balance of Payments Manual, 6th edition."
BHR,Bahrain,Bahrain,Kingdom of Bahrain,BH,Bahraini dinar,,Middle East & North Africa,High income: nonOECD,BH,1985,,Value added at producer prices (VAP),,,Country uses the 1968 System of National Accounts methodology.,,2005,"IMF Balance of Payments Manual, 6th edition."
BHS,The Bahamas,"Bahamas, The",Commonwealth of The Bahamas,BS,Bahamian dollar,,Latin America & Caribbean,High income: nonOECD,BS,2006,,Value added at basic prices (VAB),,,Country uses the 1993 System of National Accounts methodology.,,,"IMF Balance of Payments Manual, 6th edition."
BIH,Bosnia and Herzegovina,Bosnia and Herzegovina,Bosnia and Herzegovina,BA,Bosnia and Herzegovina convertible mark,,Europe & Central Asia,Upper middle income,BA,Original chained constant price data are rescaled.,1996,Value added at basic prices (VAB),IBRD,,Country uses the 1993 System of National Accounts methodology.,,Rolling,"IMF Balance of Payments Manual, 6th edition."
BLR,Belarus,Belarus,Republic of Belarus,BY,Belarusian rubel,,Europe & Central Asia,Upper middle income,BY,Original chained constant price data are rescaled.,2000,Value added at basic prices (VAB),IBRD,,Country uses the 1993 System of National Accounts methodology.,1990–95,2005,"IMF Balance of Payments Manual, 6th edition."
BLZ,Belize,Belize,Belize,BZ,Belize dollar,,Latin America & Caribbean,Upper middle income,BZ,2000,,Value added at basic prices (VAB),IBRD,,Country uses the 1993 System of National Accounts methodology.,,,"IMF Balance of Payments Manual, 6th edition."
BMU,Bermuda,Bermuda,The Bermudas,BM,Bermuda dollar,,North America,High income: nonOECD,BM,2006,,Value added at basic prices (VAB),,,Country uses the 1993 System of National Accounts methodology.,,,"IMF Balance of Payments Manual, 6th edition."
BOL,Bolivia,Bolivia,Plurinational State of Bolivia,BO,Bolivian Boliviano,,Latin America & Caribbean,Lower middle income,BO,1990,,Value added at basic prices (VAB),Blend,HIPC,Country uses the 1968 System of National Accounts methodology.,1960–85,2005,"IMF Balance of Payments Manual, 6th edition."
BRA,Brazil,Brazil,Federative Republic of Brazil,BR,Brazilian real,,Latin America & Caribbean,Upper middle income,BR,2000,,Value added at basic prices (VAB),IBRD,,Country uses the 1993 System of National Accounts methodology.,,2005,"IMF Balance of Payments Manual, 6th edition."
BRB,Barbados,Barbados,Barbados,BB,Barbados dollar,,Latin America & Caribbean,High income: nonOECD,BB,1974,,Value added at basic prices (VAB),,,Country uses the 1968 System of National Accounts methodology.,,,"IMF Balance of Payments Manual, 6th edition."
BRN,Brunei,Brunei Darussalam,Brunei Darussalam,BN,Brunei dollar,,East Asia & Pacific,High income: nonOECD,BN,2000,,Value added at producer prices (VAP),,,Country uses the 1993 System of National Accounts methodology.,,2005,
BTN,Bhutan,Bhutan,Kingdom of Bhutan,BT,Bhutanese ngultrum,April 2013 database update: Data were updated using the government of Bhutan macroeconomic framework.,South Asia,Lower middle income,BT,2000,,Value added at basic prices (VAB),IDA,,Country uses the 1993 System of National Accounts methodology.,,2005,"IMF Balance of Payments Manual, 6th edition."
BWA,Botswana,Botswana,Republic of Botswana,BW,Botswana pula,"Fiscal year end: March 31; reporting period for national accounts data: CY. Based on official government statistics, national accounts data have been revised from 2006 onward; the new base year is 2006. Data before 2006 were reported on a fiscal year basis.",Sub-Saharan Africa,Upper middle income,BW,2006,,Value added at basic prices (VAB),IBRD,,Country uses the 1993 System of National Accounts methodology.,,2005,"IMF Balance of Payments Manual, 6th edition."
CAF,Central African Republic,Central African Republic,Central African Republic,CF,CFA franc,,Sub-Saharan Africa,Low income,CF,2000,,Value added at basic prices (VAB),IDA,HIPC,Country uses the 1968 System of National Accounts methodology.,,2005,"IMF Balance of Payments Manual, 6th edition."
CAN,Canada,Canada,Canada,CA,Canadian dollar,Fiscal year end: March 31; reporting period for national accounts data: CY.,North America,High income: OECD,CA,2005,,Value added at basic prices (VAB),,,Country uses the 2008 System of National Accounts methodology.,,2011,"IMF Balance of Payments Manual, 6th edition."
CHE,Switzerland,Switzerland,Switzerland,CH,Swiss franc,,Europe & Central Asia,High income: OECD,CH,2005,,Value added at basic prices (VAB),,,Country uses the 1993 System of National Accounts methodology.,,Rolling,"IMF Balance of Payments Manual, 6th edition."
CHI,Channel Islands,Channel Islands,Channel Islands,,Pound sterling,,Europe & Central Asia,High income: nonOECD,JG,2003,2007,Value added at basic prices (VAB),,,Country uses the 1968 System of National Accounts methodology.,,,
CHL,Chile,Chile,Republic of Chile,CL,Chilean peso,,Latin America & Caribbean,High income: OECD,CL,2008,,Value added at basic prices (VAB),IBRD,,Country uses the 1993 System of National Accounts methodology.,,2011,"IMF Balance of Payments Manual, 6th edition."
CHN,China,China,People's Republic of China,CN,Chinese yuan,"On 1 July 1997 China resumed its exercise of sovereignty over Hong Kong; and on 20 December 1999 China resumed its exercise of sovereignty over Macao. Unless otherwise noted, data for China do not include data for Hong Kong SAR, China; Macao SAR, China; or Taiwan, China. Based on data from the National Bureau of Statistics, the methodology for national accounts exports and imports of goods and services in constant prices have been revised from 2000 onward.",East Asia & Pacific,Upper middle income,CN,2000,,Value added at producer prices (VAP),IBRD,,Country uses the 1993 System of National Accounts methodology.,1978–93,2005,"IMF Balance of Payments Manual, 6th edition."
CIV,Côte d'Ivoire,Côte d'Ivoire,Republic of Côte d'Ivoire,CI,CFA franc,,Sub-Saharan Africa,Lower middle income,CI,1996,,Value added at producer prices (VAP),IDA,HIPC,Country uses the 1968 System of National Accounts methodology.,,2005,"IMF Balance of Payments Manual, 6th edition."
CMR,Cameroon,Cameroon,Republic of Cameroon,CM,CFA franc,,Sub-Saharan Africa,Lower middle income,CM,2000,,Value added at basic prices (VAB),Blend,HIPC,Country uses the 1993 System of National Accounts methodology.,,2005,"IMF Balance of Payments Manual, 6th edition."
COD,Dem. Rep. Congo,"Congo, Dem. Rep.",Democratic Republic of the Congo,CD,Congolese franc,"Based on INS (2000-09) and IMF (2010-13) data, national accounts data were revised for 2000 onward; the base year changed to 2005.",Sub-Saharan Africa,Low income,ZR,2005,,Value added at basic prices (VAB),IDA,HIPC,Country uses the 1993 System of National Accounts methodology.,1999–2001,2005,"IMF Balance of Payments Manual, 6th edition."
COG,Congo,"Congo, Rep.",Republic of Congo,CG,CFA franc,"April 2013 database update: Based on IMF data, national accounts data were revised for 1990 onward; the base year changed to 1990.",Sub-Saharan Africa,Lower middle income,CG,1990,,Value added at producer prices (VAP),Blend,HIPC,Country uses the 1968 System of National Accounts methodology.,1993,2005,"IMF Balance of Payments Manual, 6th edition."
COL,Colombia,Colombia,Republic of Colombia,CO,Colombian peso,,Latin America & Caribbean,Upper middle income,CO,2005,,Value added at basic prices (VAB),IBRD,,Country uses the 1993 System of National Accounts methodology.,1992–94,2005,"IMF Balance of Payments Manual, 6th edition."
COM,Comoros,Comoros,Union of the Comoros,KM,Comorian franc,,Sub-Saharan Africa,Low income,KM,1990,,Value added at producer prices (VAP),IDA,HIPC,Country uses the 1968 System of National Accounts methodology.,,2005,
CPV,Cabo Verde,Cabo Verde,Republic of Cabo Verde,CV,Cabo Verde escudo,"Cabo Verde is the new name for the country previously listed as Cape Verde. Based on official government statistics and IMF data, national accounts data have been revised from 1990 onward; the new base year is 2007.",Sub-Saharan Africa,Lower middle income,CV,2007,,Value added at producer prices (VAP),Blend,,Country uses the 1993 System of National Accounts methodology.,,2005,"IMF Balance of Payments Manual, 6th edition."
CRI,Costa Rica,Costa Rica,Republic of Costa Rica,CR,Costa Rican colon,,Latin America & Caribbean,Upper middle income,CR,1991,,Value added at basic prices (VAB),IBRD,,Country uses the 1993 System of National Accounts methodology.,,,"IMF Balance of Payments Manual, 6th edition."
CUB,Cuba,Cuba,Republic of Cuba,CU,Cuban peso,,Latin America & Caribbean,Upper middle income,CU,2005,,Value added at basic prices (VAB),,,Country uses the 1993 System of National Accounts methodology.,,,
CUW,Curaçao,Curaçao,Curaçao,CW,Netherlands Antilles guilder,,Latin America & Caribbean,High income: nonOECD,CW,,,,,,Country uses the 1993 System of National Accounts methodology.,,,
CYM,Cayman Islands,Cayman Islands,Cayman Islands,KY,Cayman Islands dollar,,Latin America & Caribbean,High income: nonOECD,KY,2007,,,,,Country uses the 1993 System of National Accounts methodology.,,,
CYP,Cyprus,Cyprus,Republic of Cyprus,CY,Euro,"A simple multiplier is used to convert the national currencies of EMU members to euros. The following irrevocable euro conversion rate entered into force on January 1, 2008: 1 euro = 0.585274 Cyprus pounds. Please note that historical data are not actual euros and are not comparable or suitable for aggregation across countries.",Europe & Central Asia,High income: nonOECD,CY,Original chained constant price data are rescaled.,2000,Value added at basic prices (VAB),,Euro area,Country uses the 1993 System of National Accounts methodology.,,Rolling,"IMF Balance of Payments Manual, 6th edition."
CZE,Czech Republic,Czech Republic,Czech Republic,CZ,Czech koruna,,Europe & Central Asia,High income: OECD,CZ,2005,,Value added at basic prices (VAB),,,Country uses the 1993 System of National Accounts methodology.,,Rolling,"IMF Balance of Payments Manual, 6th edition."
DEU,Germany,Germany,Federal Republic of Germany,DE,Euro,"A simple multiplier is used to convert the national currencies of EMU members to euros. The following irrevocable euro conversion rate was adopted by the EU Council on January 1, 1999: 1 euro = 1.95583 German mark. Please note that historical data before 1999 are not actual euros and are not comparable or suitable for aggregation across countries.",Europe & Central Asia,High income: OECD,DE,2005,,Value added at basic prices (VAB),,Euro area,Country uses the 1993 System of National Accounts methodology.,,Rolling,"IMF Balance of Payments Manual, 6th edition."
DJI,Djibouti,Djibouti,Republic of Djibouti,DJ,Djibouti franc,,Middle East & North Africa,Lower middle income,DJ,1990,,Value added at basic prices (VAB),IDA,,Country uses the 1968 System of National Accounts methodology.,,2005,"IMF Balance of Payments Manual, 6th edition."
DMA,Dominica,Dominica,Commonwealth of Dominica,DM,East Caribbean dollar,"April 2012 database update: Based on official government statistics, national accounts data were revised for 2000 onward; the base year changed to 2006.",Latin America & Caribbean,Upper middle income,DM,2006,,Value added at basic prices (VAB),Blend,,Country uses the 1993 System of National Accounts methodology.,,,"IMF Balance of Payments Manual, 6th edition."
DNK,Denmark,Denmark,Kingdom of Denmark,DK,Danish krone,,Europe & Central Asia,High income: OECD,DK,2005,,Value added at basic prices (VAB),,,Country uses the 1993 System of National Accounts methodology.,,Rolling,"IMF Balance of Payments Manual, 6th edition."
DOM,Dominican Republic,Dominican Republic,Dominican Republic,DO,Dominican peso,,Latin America & Caribbean,Upper middle income,DO,1991,,Value added at basic prices (VAB),IBRD,,Country uses the 1993 System of National Accounts methodology.,,,"IMF Balance of Payments Manual, 6th edition."
DZA,Algeria,Algeria,People's Democratic Republic of Algeria,DZ,Algerian dinar,,Middle East & North Africa,Upper middle income,DZ,1980,,Value added at basic prices (VAB),IBRD,,Country uses the 1968 System of National Accounts methodology.,,,"IMF Balance of Payments Manual, 6th edition."
EAP,East Asia & Pacific (developing only),East Asia & Pacific,East Asia & Pacific (developing only),4E,,East Asia and Pacific regional aggregate (does not include high-income economies).,,,4E,,,,,,,,,
EAS,East Asia & Pacific (all income levels),East Asia & Pacific (all income levels),East Asia & Pacific (all income levels),Z4,,East Asia and Pacific regional aggregate (including high-income economies).,,,Z4,,,,,,,,,
ECA,Europe & Central Asia (developing only),Europe & Central Asia,Europe & Central Asia (developing only),7E,,Europe and Central Asia regional aggregate (does not include high-income economies).,,,7E,,,,,,,,,
ECS,Europe & Central Asia (all income levels),Europe & Central Asia (all income levels),Europe & Central Asia (all income levels),Z7,,Europe and Central Asia regional aggregate (including high-income economies).,,,Z7,,,,,,,,,
ECU,Ecuador,Ecuador,Republic of Ecuador,EC,U.S. dollar,National accounts have been revised from 1965 onward based on official government data; the new base year is 2007. The large upward changes are due to an improved calculation method for nominal GDP.,Latin America & Caribbean,Upper middle income,EC,2007,,Value added at basic prices (VAB),IBRD,,Country uses the 2008 System of National Accounts methodology.,,2005,"IMF Balance of Payments Manual, 6th edition."
EGY,Egypt,"Egypt, Arab Rep.",Arab Republic of Egypt,EG,Egyptian pound,Fiscal year end: June 30; reporting period for national accounts data: FY.,Middle East & North Africa,Lower middle income,EG,1991/92,,Value added at basic prices (VAB),IBRD,,Country uses the 1993 System of National Accounts methodology.,,2005,"IMF Balance of Payments Manual, 6th edition."
EMU,Euro area,Euro area,Euro area,XC,,Euro area aggregate.,,,XC,,,,,,,,,
ERI,Eritrea,Eritrea,State of Eritrea,ER,Eritrean nakfa,"April 2013 database update: Based on IMF data, national accounts data were revised for 2000 onward; the base year changed to 2000.",Sub-Saharan Africa,Low income,ER,2000,,Value added at basic prices (VAB),IDA,HIPC,Country uses the 1968 System of National Accounts methodology.,,,"IMF Balance of Payments Manual, 6th edition."
ESP,Spain,Spain,Kingdom of Spain,ES,Euro,"A simple multiplier is used to convert the national currencies of EMU members to euros. The following irrevocable euro conversion rate was adopted by the EU Council on January 1, 1999: 1 euro = 166.386 Spanish peseta. Please note that historical data before 1999 are not actual euros and are not comparable or suitable for aggregation across countries.",Europe & Central Asia,High income: OECD,ES,2005,,Value added at basic prices (VAB),,Euro area,Country uses the 1993 System of National Accounts methodology.,,Rolling,"IMF Balance of Payments Manual, 6th edition."
EST,Estonia,Estonia,Republic of Estonia,EE,Euro,"A simple multiplier is used to convert the national currencies of EMU members to euros. The following irrevocable euro conversion rate entered into force on January 1, 2011: 1 euro = 15.6466 Estonian kroon. Please note that historical data are not actual euros and are not comparable or suitable for aggregation across countries.",Europe & Central Asia,High income: OECD,EE,2005,,Value added at basic prices (VAB),,Euro area,Country uses the 1993 System of National Accounts methodology.,1987–95,Rolling,"IMF Balance of Payments Manual, 6th edition."
ETH,Ethiopia,Ethiopia,Federal Democratic Republic of Ethiopia,ET,Ethiopian birr,"Fiscal year end: July 7; reporting period for national accounts data: FY. Based on IMF data, national accounts data have been revised for 2000 onward; the new base year is 2011.",Sub-Saharan Africa,Low income,ET,2011,,Value added at basic prices (VAB),IDA,HIPC,Country uses the 1993 System of National Accounts methodology.,,2005,"IMF Balance of Payments Manual, 6th edition."
EUU,European Union,European Union,European Union,EU,,European Union aggregate.,,,EU,,,,,,,,,
FIN,Finland,Finland,Republic of Finland,FI,Euro,"A simple multiplier is used to convert the national currencies of EMU members to euros. The following irrevocable euro conversion rate was adopted by the EU Council on January 1, 1999: 1 euro = 5.94573 Finnish markka. Please note that historical data before 1999 are not actual euros and are not comparable or suitable for aggregation across countries.",Europe & Central Asia,High income: OECD,FI,2005,,Value added at basic prices (VAB),,Euro area,Country uses the 1993 System of National Accounts methodology.,,Rolling,"IMF Balance of Payments Manual, 6th edition."
FJI,Fiji,Fiji,Republic of Fiji,FJ,Fijian dollar,"Based on data from the Bureau of Statistics, national accounts data on the expenditure side have been revised from 2005 onward; the new base year is 2005.",East Asia & Pacific,Upper middle income,FJ,2005,,Value added at basic prices (VAB),IBRD,,Country uses the 1993 System of National Accounts methodology.,,2005,"IMF Balance of Payments Manual, 6th edition."
FRA,France,France,French Republic,FR,Euro,"A simple multiplier is used to convert the national currencies of EMU members to euros. The following irrevocable euro conversion rate was adopted by the EU Council on January 1, 1999: 1 euro = 6.55957 French franc. Please note that historical data before 1999 are not actual euros and are not comparable or suitable for aggregation across countries.",Europe & Central Asia,High income: OECD,FR,Original chained constant price data are rescaled.,2005,Value added at basic prices (VAB),,Euro area,Country uses the 1993 System of National Accounts methodology.,,Rolling,"IMF Balance of Payments Manual, 6th edition."
FRO,Faeroe Islands,Faeroe Islands,Faeroe Islands,FO,Danish krone,,Europe & Central Asia,High income: nonOECD,FO,,,Value added at basic prices (VAB),,,Country uses the 1993 System of National Accounts methodology.,,,"IMF Balance of Payments Manual, 6th edition."
FSM,Micronesia,"Micronesia, Fed. Sts.",Federated States of Micronesia,FM,U.S. dollar,"Fiscal year ends on September 30; reporting period for national accounts data: FY. Based on the Pacific and Virgin Islands Training Initiative, national accounts data have been revised from 2009 onward. 2013 estimates are based on the IMF Small States Monitor, Issue 1.2014. In 2010, the government statistical office revised national accounts data for 1995-2008.",East Asia & Pacific,Lower middle income,FM,2004,,Value added at basic prices (VAB),IDA,,Country uses the 1993 System of National Accounts methodology.,,,
GAB,Gabon,Gabon,Gabonese Republic,GA,CFA franc,,Sub-Saharan Africa,Upper middle income,GA,1991,,Value added at producer prices (VAP),IBRD,,Country uses the 1993 System of National Accounts methodology.,1993,2005,"IMF Balance of Payments Manual, 6th edition."
GBR,United Kingdom,United Kingdom,United Kingdom of Great Britain and Northern Ireland,GB,Pound sterling,,Europe & Central Asia,High income: OECD,GB,2005,,Value added at basic prices (VAB),,,Country uses the 1993 System of National Accounts methodology.,,Rolling,"IMF Balance of Payments Manual, 6th edition."
GEO,Georgia,Georgia,Georgia,GE,Georgian lari,,Europe & Central Asia,Lower middle income,GE,Original chained constant price data are rescaled.,1996,Value added at basic prices (VAB),IBRD,,Country uses the 1993 System of National Accounts methodology.,1990–95,2005,"IMF Balance of Payments Manual, 6th edition."
GHA,Ghana,Ghana,Republic of Ghana,GH,New Ghanaian cedi,"In 2010, the Ghana Statistical Service revised the base year for Ghana's national accounts series from 1993 to 2006. The new GDP data were about 60 percent higher than previously reported and incorporated improved data sources and methodology.",Sub-Saharan Africa,Lower middle income,GH,2006,,Value added at basic prices (VAB),IDA,HIPC,Country uses the 1993 System of National Accounts methodology.,1973–87,2005,"IMF Balance of Payments Manual, 6th edition."
GIB,Gibraltar,Gibraltar,Gibraltar,GI,Gibraltar pound,,,,GI,,,,,,Country uses the 1968 System of National Accounts methodology.,,,
GIN,Guinea,Guinea,Republic of Guinea,GN,Guinean franc,,Sub-Saharan Africa,Low income,GN,2003,,Value added at basic prices (VAB),IDA,HIPC,Country uses the 1993 System of National Accounts methodology.,,2005,"IMF Balance of Payments Manual, 6th edition."
GMB,The Gambia,"Gambia, The",Republic of The Gambia,GM,Gambian dalasi,"Fiscal year end: June 30; reporting period for national accounts data: CY. April 2013 database update: Based on official government statistics, national accounts data were revised for 2004 onward; the base year changed to 2004.",Sub-Saharan Africa,Low income,GM,2004,,Value added at producer prices (VAP),IDA,HIPC,Country uses the 1993 System of National Accounts methodology.,,2005,"IMF Balance of Payments Manual, 6th edition."
GNB,Guinea-Bissau,Guinea-Bissau,Republic of Guinea-Bissau,GW,CFA franc,"In 2010, national accounts data for 2003-09 were revised. The new data had broader coverage of all sectors of the economy, and GDP in current prices averaged 89 percent higher than previous estimates.",Sub-Saharan Africa,Low income,GW,2005,,Value added at basic prices (VAB),IDA,HIPC,Country uses the 1993 System of National Accounts methodology.,,2005,"IMF Balance of Payments Manual, 6th edition."
GNQ,Equatorial Guinea,Equatorial Guinea,Republic of Equatorial Guinea,GQ,CFA franc,National accounts have been revised from 1980 onward based on official government data; the new base year is 2006.,Sub-Saharan Africa,High income: nonOECD,GQ,2006,,Value added at basic prices (VAB),IBRD,,Country uses the 1968 System of National Accounts methodology.,1965–84,2005,
GRC,Greece,Greece,Hellenic Republic,GR,Euro,"A simple multiplier is used to convert the national currencies of EMU members to euros. The following irrevocable euro conversion rate was adopted by the EU Council on January 1, 1999: 1 euro = 340.75 Greek drachma. Please note that historical data before 1999 are not actual euros and are not comparable or suitable for aggregation across countries.",Europe & Central Asia,High income: OECD,GR,Original chained constant price data are rescaled.,2005,Value added at basic prices (VAB),,Euro area,Country uses the 1993 System of National Accounts methodology.,,Rolling,"IMF Balance of Payments Manual, 6th edition."
GRD,Grenada,Grenada,Grenada,GD,East Caribbean dollar,"April 2012 database update: Based on official government statistics, national accounts data were revised for 2000 onward; the base year changed to 2006.",Latin America & Caribbean,Upper middle income,GD,2006,,Value added at basic prices (VAB),Blend,,Country uses the 1968 System of National Accounts methodology.,,,"IMF Balance of Payments Manual, 6th edition."
GRL,Greenland,Greenland,Greenland,GL,Danish krone,,Europe & Central Asia,High income: nonOECD,GL,1990,,,,,Country uses the 1993 System of National Accounts methodology.,,,
GTM,Guatemala,Guatemala,Republic of Guatemala,GT,Guatemalan quetzal,,Latin America & Caribbean,Lower middle income,GT,2001,,Value added at basic prices (VAB),IBRD,,Country uses the 1993 System of National Accounts methodology.,,,"IMF Balance of Payments Manual, 6th edition."
GUM,Guam,Guam,Guam,GU,U.S. dollar,,East Asia & Pacific,High income: nonOECD,GU,,,,,,Country uses the 1993 System of National Accounts methodology.,,,
GUY,Guyana,Guyana,Co-operative Republic of Guyana,GY,Guyana dollar,"In 2010, the Bureau of Statistics introduced a new series of GDP rebased to year 2006. Current price GDP averaged 63 percent higher than previous estimates.",Latin America & Caribbean,Lower middle income,GY,2006,,Value added at basic prices (VAB),IDA,HIPC,Country uses the 1993 System of National Accounts methodology.,,,"IMF Balance of Payments Manual, 6th edition."
HIC,High income,High income,High income,XD,,"High income group aggregate. High-income economies are those in which 2013 GNI per capita was $12,746 or more.",,,XD,,,,,,,,,
HKG,"Hong Kong SAR, China","Hong Kong SAR, China",Hong Kong Special Administrative Region of the People's Republic of China,HK,Hong Kong dollar,"On 1 July 1997 China resumed its exercise of sovereignty over Hong Kong. Unless otherwise noted, data for China do not include data for Hong Kong SAR, China; Macao SAR, China; or Taiwan, China. Agriculture value added includes mining and quarrying.",East Asia & Pacific,High income: nonOECD,HK,Original chained constant price data are rescaled.,2012,Value added at basic prices (VAB),,,Country uses the 2008 System of National Accounts methodology.,,2005,"IMF Balance of Payments Manual, 6th edition."
HND,Honduras,Honduras,Republic of Honduras,HN,Honduran lempira,,Latin America & Caribbean,Lower middle income,HN,2000,,Value added at basic prices (VAB),IDA,HIPC,Country uses the 1993 System of National Accounts methodology.,1988–89,,"IMF Balance of Payments Manual, 6th edition."
HPC,Heavily indebted poor countries (HIPC),Heavily indebted poor countries (HIPC),Heavily indebted poor countries (HIPC),XE,,Heavily indebted poor countries aggregate.,,,XE,,,,,,,,,
HRV,Croatia,Croatia,Republic of Croatia,HR,Croatian kuna,"April 2013 database update: Based on official government statistics, the base year for constant price series changed to 2005.",Europe & Central Asia,High income: nonOECD,HR,Original chained constant price data are rescaled.,2005,Value added at basic prices (VAB),IBRD,,Country uses the 1993 System of National Accounts methodology.,,Rolling,"IMF Balance of Payments Manual, 6th edition."
HTI,Haiti,Haiti,Republic of Haiti,HT,Haitian gourde,"Fiscal year end: September 30; reporting period for national accounts data: FY. In 2010, the government revised national accounts data following changes in the methodology. Current price series since 1991 and constant price series since 1996 were revised.",Latin America & Caribbean,Low income,HT,1986/87,,Value added at basic prices (VAB),IDA,HIPC,Country uses the 1968 System of National Accounts methodology.,1991,,"IMF Balance of Payments Manual, 6th edition."
HUN,Hungary,Hungary,Hungary,HU,Hungarian forint,"April 2012 database update: Based on data from the Organisation for Economic Co-operation and Development, national accounts data were revised for 1991 onward.",Europe & Central Asia,Upper middle income,HU,Original chained constant price data are rescaled.,2005,Value added at basic prices (VAB),,,Country uses the 1993 System of National Accounts methodology.,,Rolling,"IMF Balance of Payments Manual, 6th edition."
IDN,Indonesia,Indonesia,Republic of Indonesia,ID,Indonesian rupiah,Fiscal year end: March 31; reporting period for national accounts data: CY. Data for Indonesia include Timor-Leste through 1999 unless otherwise noted.,East Asia & Pacific,Lower middle income,ID,2000,,Value added at producer prices (VAP),IBRD,,Country uses the 1993 System of National Accounts methodology.,,2005,"IMF Balance of Payments Manual, 6th edition."
IMN,Isle of Man,Isle of Man,Isle of Man,IM,Pound sterling,,Europe & Central Asia,High income: nonOECD,IM,2003,,,,,Country uses the 1968 System of National Accounts methodology.,,,
IND,India,India,Republic of India,IN,Indian rupee,Fiscal year end: March 31; reporting period for national accounts data: FY. April 2013 database update: The India Central Statistical Office revised historical data series both current and constant going back to 1960 with 2004–05 as the base.,South Asia,Lower middle income,IN,2004/05,,Value added at basic prices (VAB),IBRD,,Country uses the 1993 System of National Accounts methodology.,,2005,"IMF Balance of Payments Manual, 6th edition."
IRL,Ireland,Ireland,Ireland,IE,Euro,"A simple multiplier is used to convert the national currencies of EMU members to euros. The following irrevocable euro conversion rate was adopted by the EU Council on January 1, 1999: 1 euro = 0.787564 Irish pound. Please note that historical data before 1999 are not actual euros and are not comparable or suitable for aggregation across countries.",Europe & Central Asia,High income: OECD,IE,2005,,Value added at basic prices (VAB),,Euro area,Country uses the 1993 System of National Accounts methodology.,,Rolling,"IMF Balance of Payments Manual, 6th edition."
IRN,Iran,"Iran, Islamic Rep.",Islamic Republic of Iran,IR,Iranian rial,Fiscal year end: March 20; reporting period for national accounts data: FY.,Middle East & North Africa,Upper middle income,IR,1997/98,,Value added at basic prices (VAB),IBRD,,Country uses the 1993 System of National Accounts methodology.,1980–2002,2005,"IMF Balance of Payments Manual, 6th edition."
IRQ,Iraq,Iraq,Republic of Iraq,IQ,Iraqi dinar,National accounts have been revised from 2000 onward based on official government data; the new base year is 1988. The new series raises GDP significantly from previous estimates.,Middle East & North Africa,Upper middle income,IQ,1988,,Value added at producer prices (VAP),IBRD,,Country uses the 1968 System of National Accounts methodology.,"1997, 2004",2005,"IMF Balance of Payments Manual, 6th edition."
ISL,Iceland,Iceland,Republic of Iceland,IS,Iceland krona,,Europe & Central Asia,High income: OECD,IS,2005,,Value added at basic prices (VAB),,,Country uses the 1993 System of National Accounts methodology.,,Rolling,"IMF Balance of Payments Manual, 6th edition."
ISR,Israel,Israel,State of Israel,IL,Israeli new shekel,,Middle East & North Africa,High income: OECD,IL,2005,,Value added at producer prices (VAP),,,Country uses the 1993 System of National Accounts methodology.,,2011,"IMF Balance of Payments Manual, 6th edition."
ITA,Italy,Italy,Italian Republic,IT,Euro,"A simple multiplier is used to convert the national currencies of EMU members to euros. The following irrevocable euro conversion rate was adopted by the EU Council on January 1, 1999: 1 euro = 1936.27 Italian lira. Please note that historical data before 1999 are not actual euros and are not comparable or suitable for aggregation across countries.",Europe & Central Asia,High income: OECD,IT,2005,,Value added at basic prices (VAB),,Euro area,Country uses the 1993 System of National Accounts methodology.,,Rolling,"IMF Balance of Payments Manual, 6th edition."
JAM,Jamaica,Jamaica,Jamaica,JM,Jamaican dollar,"April 2013 database update: Based on official government statistics, national accounts data were revised for 2002 onward; the base year changed to 2007.",Latin America & Caribbean,Upper middle income,JM,2007,,Value added at basic prices (VAB),IBRD,,Country uses the 1993 System of National Accounts methodology.,,,"IMF Balance of Payments Manual, 6th edition."
JOR,Jordan,Jordan,Hashemite Kingdom of Jordan,JO,Jordanian dinar,,Middle East & North Africa,Upper middle income,JO,1994,,Value added at basic prices (VAB),IBRD,,Country uses the 1968 System of National Accounts methodology.,,2005,"IMF Balance of Payments Manual, 6th edition."
JPN,Japan,Japan,Japan,JP,Japanese yen,Fiscal year end: March 31; reporting period for national accounts data: CY.,East Asia & Pacific,High income: OECD,JP,2005,,Value added at basic prices (VAB),,,Country uses the 1993 System of National Accounts methodology.,,2011,"IMF Balance of Payments Manual, 6th edition."
KAZ,Kazakhstan,Kazakhstan,Republic of Kazakhstan,KZ,Kazakh tenge,,Europe & Central Asia,Upper middle income,KZ,Original chained constant price data are rescaled.,2000,Value added at basic prices (VAB),IBRD,,Country uses the 1993 System of National Accounts methodology.,1987–95,2005,"IMF Balance of Payments Manual, 6th edition."
KEN,Kenya,Kenya,Republic of Kenya,KE,Kenyan shilling,Fiscal year end: June 30; reporting period for national accounts data: CY.,Sub-Saharan Africa,Low income,KE,2001,,Value added at basic prices (VAB),IDA,,Country uses the 1993 System of National Accounts methodology.,,2005,"IMF Balance of Payments Manual, 6th edition."
KGZ,Kyrgyz Republic,Kyrgyz Republic,Kyrgyz Republic,KG,Kyrgyz som,,Europe & Central Asia,Lower middle income,KG,Original chained constant price data are rescaled.,1995,Value added at basic prices (VAB),IDA,HIPC,Country uses the 1993 System of National Accounts methodology.,1990–95,2005,"IMF Balance of Payments Manual, 6th edition."
KHM,Cambodia,Cambodia,Kingdom of Cambodia,KH,Cambodian riel,,East Asia & Pacific,Low income,KH,2000,,Value added at basic prices (VAB),IDA,,Country uses the 1993 System of National Accounts methodology.,,2005,"IMF Balance of Payments Manual, 6th edition."
KIR,Kiribati,Kiribati,Republic of Kiribati,KI,Australian dollar,"Based on IMF and World Bank data, GDP in current and constant prices have been revised from 2000 onward. Value added components are calculated using shares from the Asian Development Bank.",East Asia & Pacific,Lower middle income,KI,2006,,Value added at basic prices (VAB),IDA,,Country uses the 1993 System of National Accounts methodology.,,,"IMF Balance of Payments Manual, 6th edition."
KNA,St. Kitts and Nevis,St. Kitts and Nevis,St. Kitts and Nevis,KN,East Caribbean dollar,"April 2012 database update: Based on official government statistics, national accounts data were revised for 2000 onward; the base year changed to 2006.",Latin America & Caribbean,High income: nonOECD,KN,2006,,Value added at basic prices (VAB),IBRD,,Country uses the 1993 System of National Accounts methodology.,,,"IMF Balance of Payments Manual, 6th edition."
KOR,Korea,"Korea, Rep.",Republic of Korea,KR,Korean won,New base year is 2010. GDP data are available from 1970 onward while components are revised from 2000 onward only. Historical data in constant prices are linked to preserve growth rates.,East Asia & Pacific,High income: OECD,KR,2010,,Value added at basic prices (VAB),IBRD,,Country uses the 1993 System of National Accounts methodology.,,2011,"IMF Balance of Payments Manual, 6th edition."
KWT,Kuwait,Kuwait,State of Kuwait,KW,Kuwaiti dinar,Fiscal year end: June 30; reporting period for national accounts data: CY.,Middle East & North Africa,High income: nonOECD,KW,1995,,Value added at producer prices (VAP),,,Country uses the 1968 System of National Accounts methodology.,,2005,"IMF Balance of Payments Manual, 6th edition."
LAC,Latin America & Caribbean (developing only),Latin America & Caribbean,Latin America & Caribbean (developing only),XJ,,Latin America and Caribbean regional aggregate (does not include high-income economies).,,,XJ,,,,,,,,,
LAO,Lao PDR,Lao PDR,Lao People's Democratic Republic,LA,Lao kip,,East Asia & Pacific,Lower middle income,LA,2002,,Value added at basic prices (VAB),IDA,,Country uses the 1993 System of National Accounts methodology.,,2005,"IMF Balance of Payments Manual, 6th edition."
LBN,Lebanon,Lebanon,Lebanese Republic,LB,Lebanese pound,,Middle East & North Africa,Upper middle income,LB,1997,,Value added at basic prices (VAB),IBRD,,Country uses the 1993 System of National Accounts methodology.,,2005,"IMF Balance of Payments Manual, 6th edition."
LBR,Liberia,Liberia,Republic of Liberia,LR,Liberian dollar,"April 2013 database update: Based on IMF data, national accounts data were revised for 2000 onward; the base year changed to 2000.",Sub-Saharan Africa,Low income,LR,2000,,Value added at producer prices (VAP),IDA,HIPC,Country uses the 1968 System of National Accounts methodology.,,2005,"IMF Balance of Payments Manual, 6th edition."
LBY,Libya,Libya,Socialist People's Libyan Arab Jamahiriya,LY,Libyan dinar,National accounts data are revised from 2010 to 2013 based on IMF and World Bank staff estimates.,Middle East & North Africa,Upper middle income,LY,1999,,Value added at basic prices (VAB),IBRD,,Country uses the 1993 System of National Accounts methodology.,1986,,"IMF Balance of Payments Manual, 6th edition."
LCA,St. Lucia,St. Lucia,St. Lucia,LC,East Caribbean dollar,"April 2012 database update: Based on official government statistics, national accounts data were revised for 2000 onward; the base year changed to 2006.",Latin America & Caribbean,Upper middle income,LC,2006,,Value added at basic prices (VAB),Blend,,Country uses the 1968 System of National Accounts methodology.,,,"IMF Balance of Payments Manual, 6th edition."
LCN,Latin America & Caribbean (all income levels),Latin America & Caribbean (all income levels),Latin America & Caribbean (all income levels),ZJ,,Latin America and Caribbean regional aggregate (including high-income economies).,,,ZJ,,,,,,,,,
LDC,Least developed countries: UN classification,Least developed countries: UN classification,Least developed countries: UN classification,XL,,Least developed countries (UN classification) aggregate.,,,XL,,,,,,,,,
LIC,Low income,Low income,Low income,XM,,"Low income group aggregate. Low-income economies are those in which 2013 GNI per capita was $1,045 or less.",,,XM,,,,,,,,,
LIE,Liechtenstein,Liechtenstein,Principality of Liechtenstein,LI,Swiss franc,,Europe & Central Asia,High income: nonOECD,LI,1990,,Value added at basic prices (VAB),,,Country uses the 1993 System of National Accounts methodology.,,,
LKA,Sri Lanka,Sri Lanka,Democratic Socialist Republic of Sri Lanka,LK,Sri Lankan rupee,,South Asia,Lower middle income,LK,2002,,Value added at producer prices (VAP),Blend,,Country uses the 1993 System of National Accounts methodology.,,2005,"IMF Balance of Payments Manual, 6th edition."
LMC,Lower middle income,Lower middle income,Lower middle income,XN,,"Lower middle income group aggregate. Lower-middle-income economies are those in which 2013 GNI per capita was between $1,046 and $4,125.",,,XN,,,,,,,,,
LMY,Low & middle income,Low & middle income,Low & middle income,XO,,"Low and middle income group aggregate (all developing economies). Low- and middle-income economies are those in which 2013 GNI per capita was $12,745 or less.",,,XO,,,,,,,,,
LSO,Lesotho,Lesotho,Kingdom of Lesotho,LS,Lesotho loti,Fiscal year end: March 31; reporting period for national accounts data: CY.,Sub-Saharan Africa,Lower middle income,LS,2004,,Value added at basic prices (VAB),IDA,,Country uses the 1993 System of National Accounts methodology.,,2005,"IMF Balance of Payments Manual, 6th edition."
LTU,Lithuania,Lithuania,Republic of Lithuania,LT,Lithuanian litas,,Europe & Central Asia,High income: nonOECD,LT,2000,,Value added at basic prices (VAB),,,Country uses the 1993 System of National Accounts methodology.,1990–95,Rolling,"IMF Balance of Payments Manual, 6th edition."
LUX,Luxembourg,Luxembourg,Grand Duchy of Luxembourg,LU,Euro,"A simple multiplier is used to convert the national currencies of EMU members to euros. The following irrevocable euro conversion rate was adopted by the EU Council on January 1, 1999: 1 euro = 40.3399 Luxembourg franc. Please note that historical data before 1999 are not actual euros and are not comparable or suitable for aggregation across countries.",Europe & Central Asia,High income: OECD,LU,Original chained constant price data are rescaled.,2005,Value added at basic prices (VAB),,Euro area,Country uses the 1993 System of National Accounts methodology.,,Rolling,"IMF Balance of Payments Manual, 6th edition."
LVA,Latvia,Latvia,Republic of Latvia,LV,Latvian lats,Country joined euro area on 1 January 2014; data in the WDI database are reported in lats.,Europe & Central Asia,High income: nonOECD,LV,2000,,Value added at basic prices (VAB),,Euro area,Country uses the 1993 System of National Accounts methodology.,1987–95,Rolling,"IMF Balance of Payments Manual, 6th edition."
MAC,"Macao SAR, China","Macao SAR, China",Macao Special Administrative Region of the People's Republic of China,MO,Macao pataca,"On 20 December 1999 China resumed its exercise of sovereignty over Macao. Unless otherwise noted, data for China do not include data for Hong Kong SAR, China; Macao SAR, China; or Taiwan, China.",East Asia & Pacific,High income: nonOECD,MO,2012,,Value added at basic prices (VAB),,,Country uses the 1993 System of National Accounts methodology.,,2005,"IMF Balance of Payments Manual, 6th edition."
MAF,St. Martin (French part),St. Martin (French part),St. Martin (French part),MF,Euro,,Latin America & Caribbean,High income: nonOECD,MF,,,,,,Country uses the 1993 System of National Accounts methodology.,,,
MAR,Morocco,Morocco,Kingdom of Morocco,MA,Moroccan dirham,,Middle East & North Africa,Lower middle income,MA,1998,,Value added at basic prices (VAB),IBRD,,Country uses the 1993 System of National Accounts methodology.,,2005,"IMF Balance of Payments Manual, 6th edition."
MCO,Monaco,Monaco,Principality of Monaco,MC,Euro,,Europe & Central Asia,High income: nonOECD,MC,1990,,,,,Country uses the 1993 System of National Accounts methodology.,,,
MDA,Moldova,Moldova,Republic of Moldova,MD,Moldovan leu,,Europe & Central Asia,Lower middle income,MD,Original chained constant price data are rescaled.,1996,Value added at basic prices (VAB),Blend,,Country uses the 1993 System of National Accounts methodology.,1990–95,2005,"IMF Balance of Payments Manual, 6th edition."
MDG,Madagascar,Madagascar,Republic of Madagascar,MG,Malagasy ariary,,Sub-Saharan Africa,Low income,MG,1984,,Value added at basic prices (VAB),IDA,HIPC,Country uses the 1968 System of National Accounts methodology.,,2005,"IMF Balance of Payments Manual, 6th edition."
MDV,Maldives,Maldives,Republic of Maldives,MV,Maldivian rufiyaa,April 2012 database update: The Department of National Planning revised national accounts data for 2000 onward; the base year changed to 2003.,South Asia,Upper middle income,MV,2003,,Value added at basic prices (VAB),IDA,,Country uses the 1993 System of National Accounts methodology.,,2005,"IMF Balance of Payments Manual, 6th edition."
MEA,Middle East & North Africa (all income levels),Middle East & North Africa (all income levels),Middle East & North Africa (all income levels),ZQ,,Middle East and North Africa regional aggregate (including high-income economies).,,,ZQ,,,,,,,,,
MEX,Mexico,Mexico,United Mexican States,MX,Mexican peso,The new base year is 2008.,Latin America & Caribbean,Upper middle income,MX,2008,,Value added at basic prices (VAB),IBRD,,Country uses the 2008 System of National Accounts methodology.,,2011,"IMF Balance of Payments Manual, 6th edition."
MHL,Marshall Islands,Marshall Islands,Republic of the Marshall Islands,MH,U.S. dollar,Fiscal year ends on September 30; reporting period for national accounts data: FY.,East Asia & Pacific,Upper middle income,MH,2004,,Value added at basic prices (VAB),IDA,,Country uses the 1968 System of National Accounts methodology.,,,
MIC,Middle income,Middle income,Middle income,XP,,"Middle income group aggregate. Middle-income economies are those in which 2013 GNI per capita was between $1,046 and $12,745.",,,XP,,,,,,,,,
MKD,Macedonia,"Macedonia, FYR",Former Yugoslav Republic of Macedonia,MK,Macedonian denar,"April 2012 database update: Based on official statistics, national accounts data were revised for 2003 onward.",Europe & Central Asia,Upper middle income,MK,1995,,Value added at basic prices (VAB),IBRD,,Country uses the 1993 System of National Accounts methodology.,,Rolling,"IMF Balance of Payments Manual, 6th edition."
MLI,Mali,Mali,Republic of Mali,ML,CFA franc,,Sub-Saharan Africa,Low income,ML,1987,,Value added at basic prices (VAB),IDA,HIPC,Country uses the 1968 System of National Accounts methodology.,,2005,"IMF Balance of Payments Manual, 6th edition."
MLT,Malta,Malta,Republic of Malta,MT,Euro,"A simple multiplier is used to convert the national currencies of EMU members to euros. The following irrevocable euro conversion rate entered into force on January 1, 2008: 1 euro = 0.4293 Maltese lira. Please note that historical data are not actual euros and are not comparable or suitable for aggregation across countries.",Middle East & North Africa,High income: nonOECD,MT,2005,,Value added at basic prices (VAB),,Euro area,Country uses the 1993 System of National Accounts methodology.,,Rolling,"IMF Balance of Payments Manual, 6th edition."
MMR,Myanmar,Myanmar,Republic of the Union of Myanmar,MM,Myanmar kyat,Fiscal year end: March 31; reporting period for national accounts data: FY.,East Asia & Pacific,Low income,MM,2005/06,,Value added at producer prices (VAP),IDA,,Country uses the 1968 System of National Accounts methodology.,,,"IMF Balance of Payments Manual, 6th edition."
MNA,Middle East & North Africa (developing only),Middle East & North Africa,Middle East & North Africa (developing only),XQ,,Middle East and North Africa regional aggregate (does not include high-income economies).,,,XQ,,,,,,,,,
MNE,Montenegro,Montenegro,Montenegro,ME,Euro,"Montenegro declared independence from Serbia and Montenegro on June 3, 2006. Where available, data for each country are shown separately. However, for Serbia, some indicators continue to include data for Montenegro through 2005.",Europe & Central Asia,Upper middle income,ME,2000,,Value added at basic prices (VAB),IBRD,,Country uses the 1993 System of National Accounts methodology.,,Rolling,"IMF Balance of Payments Manual, 6th edition."
MNG,Mongolia,Mongolia,Mongolia,MN,Mongolian tugrik,,East Asia & Pacific,Lower middle income,MN,2005,,Value added at basic prices (VAB),Blend,,Country uses the 1993 System of National Accounts methodology.,,2005,"IMF Balance of Payments Manual, 6th edition."
MNP,Northern Mariana Islands,Northern Mariana Islands,Commonwealth of the Northern Mariana Islands,MP,U.S. dollar,,East Asia & Pacific,High income: nonOECD,MP,,,,,,Country uses the 1968 System of National Accounts methodology.,,,
MOZ,Mozambique,Mozambique,Republic of Mozambique,MZ,New Mozambican metical,,Sub-Saharan Africa,Low income,MZ,2003,,Value added at basic prices (VAB),IDA,HIPC,Country uses the 1993 System of National Accounts methodology.,1992–95,2005,"IMF Balance of Payments Manual, 6th edition."
MRT,Mauritania,Mauritania,Islamic Republic of Mauritania,MR,Mauritanian ouguiya,"April 2012 database update: Based on official government statistics, data were revised for 1991 onward; the base year for constant price series changed to 2004.",Sub-Saharan Africa,Lower middle income,MR,2004,,Value added at basic prices (VAB),IDA,HIPC,Country uses the 1993 System of National Accounts methodology.,,2005,"IMF Balance of Payments Manual, 6th edition."
MUS,Mauritius,Mauritius,Republic of Mauritius,MU,Mauritian rupee,,Sub-Saharan Africa,Upper middle income,MU,2006,,Value added at basic prices (VAB),IBRD,,Country uses the 1993 System of National Accounts methodology.,,2005,"IMF Balance of Payments Manual, 6th edition."
MWI,Malawi,Malawi,Republic of Malawi,MW,Malawi kwacha,"Fiscal year end: March 31; reporting period for national accounts data: CY. Based on IMF data, national accounts data have been revised for 2000 onward; the new base year is 2009.",Sub-Saharan Africa,Low income,MW,2009,,Value added at basic prices (VAB),IDA,HIPC,Country uses the 1993 System of National Accounts methodology.,,2005,"IMF Balance of Payments Manual, 6th edition."
MYS,Malaysia,Malaysia,Malaysia,MY,Malaysian ringgit,"Based on official government statistics, value added in services in constant and current prices have been revised from 1990 onward. National accounts data in constant prices have been linked back to 1960; the new base year is 2005.",East Asia & Pacific,Upper middle income,MY,2005,,Value added at producer prices (VAP),IBRD,,Country uses the 1993 System of National Accounts methodology.,,2005,"IMF Balance of Payments Manual, 6th edition."
NAC,North America,North America,North America,XU,,North America regional aggregate. There are no economies in North America classified as low or middle income.,,,XU,,,,,,,,,
NAM,Namibia,Namibia,Republic of Namibia,NA,Namibian dollar,"Fiscal year end: March 31; reporting period for national accounts data: CY. Based on official government statistics, national accounts data have been revised from 1980 onward; the new base year is 2010.",Sub-Saharan Africa,Upper middle income,NA,2010,,Value added at basic prices (VAB),IBRD,,Country uses the 1993 System of National Accounts methodology.,,2005,"IMF Balance of Payments Manual, 6th edition."
NCL,New Caledonia,New Caledonia,New Caledonia,NC,CFP franc,,East Asia & Pacific,High income: nonOECD,NC,1990,,,,,Country uses the 1993 System of National Accounts methodology.,,,
NER,Niger,Niger,Republic of Niger,NE,CFA franc,"Based on official government statistics, national accounts data have been revised from 2006 onward; the new base year is 2006.",Sub-Saharan Africa,Low income,NE,2006,,Value added at producer prices (VAP),IDA,HIPC,Country uses the 1993 System of National Accounts methodology.,1993,2005,"IMF Balance of Payments Manual, 6th edition."
NGA,Nigeria,Nigeria,Federal Republic of Nigeria,NG,Nigerian naira,"Based on official government statistics released 6 April, 2014, national accounts data have been revised from 2010 onward; the new base year is 2010. The new GDP data are 60 to 75 percent higher than previously reported and incorporate improved data sources and methodology.",Sub-Saharan Africa,Lower middle income,NG,2010,,Value added at basic prices (VAB),Blend,,Country uses the 1993 System of National Accounts methodology.,1971–98,2005,"IMF Balance of Payments Manual, 6th edition."
NIC,Nicaragua,Nicaragua,Republic of Nicaragua,NI,Nicaraguan gold cordoba,"April 2013 database update: Based on official government statistics, national accounts data were revised for 1994 onward; the base year changed to 2006.",Latin America & Caribbean,Lower middle income,NI,2006,,Value added at basic prices (VAB),IDA,HIPC,Country uses the 1993 System of National Accounts methodology.,1965–95,,"IMF Balance of Payments Manual, 6th edition."
NLD,Netherlands,Netherlands,Kingdom of the Netherlands,NL,Euro,"A simple multiplier is used to convert the national currencies of EMU members to euros. The following irrevocable euro conversion rate was adopted by the EU Council on January 1, 1999: 1 euro = 2.20371 Netherlands guilder. Please note that historical data before 1999 are not actual euros and are not comparable or suitable for aggregation across countries.",Europe & Central Asia,High income: OECD,NL,Original chained constant price data are rescaled.,2005,Value added at basic prices (VAB),,Euro area,Country uses the 1993 System of National Accounts methodology.,,Rolling,"IMF Balance of Payments Manual, 6th edition."
NOR,Norway,Norway,Kingdom of Norway,NO,Norwegian krone,,Europe & Central Asia,High income: OECD,NO,Original chained constant price data are rescaled.,2005,Value added at basic prices (VAB),,,Country uses the 1993 System of National Accounts methodology.,,Rolling,"IMF Balance of Payments Manual, 6th edition."
NPL,Nepal,Nepal,Nepal,NP,Nepalese rupee,Fiscal year end: July 14; reporting period for national accounts data: FY.,South Asia,Low income,NP,2000/01,,Value added at basic prices (VAB),IDA,,Country uses the 1993 System of National Accounts methodology.,,2005,"IMF Balance of Payments Manual, 6th edition."
NRU,Nauru,Nauru,Nauru,NR,,,,,NR,,,,,,,,,
NZL,New Zealand,New Zealand,New Zealand,NZ,New Zealand dollar,Fiscal year end: March 31; reporting period for national accounts data: FY.,East Asia & Pacific,High income: OECD,NZ,2005/06,,Value added at basic prices (VAB),,,Country uses the 1993 System of National Accounts methodology.,,2011,"IMF Balance of Payments Manual, 6th edition."
OED,OECD members,OECD members,OECD members,OE,,"OECD members aggregate (all, including developing countries).",,,OE,,,,,,,,,
OMN,Oman,Oman,Sultanate of Oman,OM,Rial Omani,,Middle East & North Africa,High income: nonOECD,OM,1988,,Value added at producer prices (VAP),,,Country uses the 1993 System of National Accounts methodology.,,2005,"IMF Balance of Payments Manual, 6th edition."
PAK,Pakistan,Pakistan,Islamic Republic of Pakistan,PK,Pakistani rupee,Fiscal year end: June 30; reporting period for national accounts data: FY. The new base year is 2005/06.,South Asia,Lower middle income,PK,2005/2006,,Value added at basic prices (VAB),Blend,,Country uses the 1993 System of National Accounts methodology.,,2005,"IMF Balance of Payments Manual, 6th edition."
PAN,Panama,Panama,Republic of Panama,PA,Panamanian balboa,,Latin America & Caribbean,Upper middle income,PA,2007,,Value added at basic prices (VAB),IBRD,,Country uses the 1993 System of National Accounts methodology.,,,"IMF Balance of Payments Manual, 6th edition."
PER,Peru,Peru,Republic of Peru,PE,Peruvian new sol,,Latin America & Caribbean,Upper middle income,PE,2007,,Value added at basic prices (VAB),IBRD,,Country uses the 1993 System of National Accounts methodology.,1985–90,2005,"IMF Balance of Payments Manual, 6th edition."
PHL,Philippines,Philippines,Republic of the Philippines,PH,Philippine peso,"Source for GNI and net income from abroad is changed to national statistical office from central bank. April 2012 database update: National accounts data were revised for 1998 onward. Because intellectual property products are now reported as a part of gross fixed capital formation, gross domestic product (GDP) in current prices averaged 4 percent higher than previous estimates.",East Asia & Pacific,Lower middle income,PH,2000,,Value added at producer prices (VAP),IBRD,,Country uses the 1993 System of National Accounts methodology.,,2005,"IMF Balance of Payments Manual, 6th edition."
PLW,Palau,Palau,Republic of Palau,PW,U.S. dollar,Fiscal year ends on September 30; reporting period for national accounts data: FY. National accounts data are revised based on IMF reports.,East Asia & Pacific,Upper middle income,PW,2005,,Value added at basic prices (VAB),IBRD,,Country uses the 1993 System of National Accounts methodology.,,,
PNG,Papua New Guinea,Papua New Guinea,The Independent State of Papua New Guinea,PG,Papua New Guinea kina,,East Asia & Pacific,Lower middle income,PG,1998,,Value added at producer prices (VAP),Blend,,Country uses the 1993 System of National Accounts methodology.,1989,,"IMF Balance of Payments Manual, 6th edition."
POL,Poland,Poland,Republic of Poland,PL,Polish zloty,,Europe & Central Asia,High income: OECD,PL,Original chained constant price data are rescaled.,2005,Value added at basic prices (VAB),IBRD,,Country uses the 1993 System of National Accounts methodology.,,Rolling,"IMF Balance of Payments Manual, 6th edition."
PRI,Puerto Rico,Puerto Rico,Puerto Rico,PR,U.S. dollar,"Fiscal year end: June 30; reporting period for national accounts data: FY. April 2012 database update: Based on data from the Instituto de Estadísticas de Puerto Rico, national accounts data were revised for 2001 onward.",Latin America & Caribbean,High income: nonOECD,PR,1954,,Value added at producer prices (VAP),,,Country uses the 1968 System of National Accounts methodology.,,,
PRK,Dem. People's Rep. Korea,"Korea, Dem. Rep.",Democratic People's Republic of Korea,KP,Democratic People's Republic of Korean won,,East Asia & Pacific,Low income,KP,,,,,,Country uses the 1968 System of National Accounts methodology.,,,"IMF Balance of Payments Manual, 6th edition."
PRT,Portugal,Portugal,Portuguese Republic,PT,Euro,"A simple multiplier is used to convert the national currencies of EMU members to euros. The following irrevocable euro conversion rate was adopted by the EU Council on January 1, 1999: 1 euro = 200.482 Portuguese escudo. Please note that historical data before 1999 are not actual euros and are not comparable or suitable for aggregation across countries.",Europe & Central Asia,High income: OECD,PT,2005,,Value added at basic prices (VAB),,Euro area,Country uses the 1993 System of National Accounts methodology.,,Rolling,"IMF Balance of Payments Manual, 6th edition."
PRY,Paraguay,Paraguay,Republic of Paraguay,PY,Paraguayan guarani,"National accounts data have been revised from 1960 onward. The methodology and base year have not changed but the output of two hydroelectric plants (shared with neighboring countries) has been added raising GDP from previous estimates. On the supply side, it was added in ""gas, electricity and water."" On the demand side changes were mainly to exports, but also for imports, investment and consumption. National accounts price valuations for 1991 to 2012 have also been corrected and changed from VAP to VAB.",Latin America & Caribbean,Lower middle income,PY,1994,,Value added at basic prices (VAB),IBRD,,Country uses the 1993 System of National Accounts methodology.,,2005,"IMF Balance of Payments Manual, 6th edition."
PSE,West Bank and Gaza,West Bank and Gaza,West Bank and Gaza,PS,Israeli new shekel,,Middle East & North Africa,Lower middle income,GZ,2004,,Value added at basic prices (VAB),,,Country uses the 1968 System of National Accounts methodology.,,,"IMF Balance of Payments Manual, 6th edition."
PYF,French Polynesia,French Polynesia,French Polynesia,PF,CFP franc,,East Asia & Pacific,High income: nonOECD,PF,1990/91,,,,,Country uses the 1993 System of National Accounts methodology.,,,
QAT,Qatar,Qatar,State of Qatar,QA,Qatari riyal,,Middle East & North Africa,High income: nonOECD,QA,2001,,Value added at producer prices (VAP),,,Country uses the 1993 System of National Accounts methodology.,,2005,
ROU,Romania,Romania,Romania,RO,New Romanian leu,National accounts have been revised based on data from the National Statistical Institute; the new base year is 2000.,Europe & Central Asia,Upper middle income,RO,2000,,Value added at basic prices (VAB),IBRD,,Country uses the 1993 System of National Accounts methodology.,"1987–89, 1992",Rolling,"IMF Balance of Payments Manual, 6th edition."
RUS,Russia,Russian Federation,Russian Federation,RU,Russian ruble,,Europe & Central Asia,High income: nonOECD,RU,2000,,Value added at basic prices (VAB),IBRD,,Country uses the 1993 System of National Accounts methodology.,1987–95,2011,"IMF Balance of Payments Manual, 6th edition."
RWA,Rwanda,Rwanda,Republic of Rwanda,RW,Rwandan franc,"Based on official government statistics, national accounts data are revised for 2006 onward; the new base year is 2011.",Sub-Saharan Africa,Low income,RW,2011,,Value added at producer prices (VAP),IDA,HIPC,Country uses the 1993 System of National Accounts methodology.,1994,2005,"IMF Balance of Payments Manual, 6th edition."
SAS,South Asia,South Asia,South Asia,8S,,South Asia regional aggregate. There are no economies in South Asia classified as high income.,,,8S,,,,,,,,,
SAU,Saudi Arabia,Saudi Arabia,Kingdom of Saudi Arabia,SA,Saudi Arabian riyal,,Middle East & North Africa,High income: nonOECD,SA,1999,,Value added at producer prices (VAP),,,Country uses the 1993 System of National Accounts methodology.,,2005,"IMF Balance of Payments Manual, 6th edition."
SDN,Sudan,Sudan,Republic of the Sudan,SD,Sudanese pound,"Total population data are reported separately for Sudan and South Sudan; see specific notes for other demographic-related series. National accounts data exclude South Sudan after July 9, 2011. Other data reported for Sudan include South Sudan unless otherwise noted.",Sub-Saharan Africa,Lower middle income,SD,1981/82. Reporting period switch from fiscal year to calendar year from 1996. Pre-1996 data converted to calendar year.,1996,Value added at basic prices (VAB),IDA,HIPC,Country uses the 1968 System of National Accounts methodology.,,2005,"IMF Balance of Payments Manual, 6th edition."
SEN,Senegal,Senegal,Republic of Senegal,SN,CFA franc,,Sub-Saharan Africa,Lower middle income,SN,1999,1987,Value added at basic prices (VAB),IDA,HIPC,Country uses the 1993 System of National Accounts methodology.,,2005,"IMF Balance of Payments Manual, 6th edition."
SGP,Singapore,Singapore,Republic of Singapore,SG,Singapore dollar,Fiscal year end: March 31; reporting period for national accounts data: CY. Country reports using a blend of SNA 1993 and SNA 2008. April 2012 database update: National accounts time series were replaced with official government statistics.,East Asia & Pacific,High income: nonOECD,SG,2010,,Value added at basic prices (VAB),,,Country uses the 2008 System of National Accounts methodology.,,2005,"IMF Balance of Payments Manual, 6th edition."
SLB,Solomon Islands,Solomon Islands,Solomon Islands,SB,Solomon Islands dollar,National accounts data have been revised from 2007 to 2013 based on IMF reports.,East Asia & Pacific,Lower middle income,SB,2004,,Value added at basic prices (VAB),IDA,,Country uses the 1993 System of National Accounts methodology.,,,"IMF Balance of Payments Manual, 6th edition."
SLE,Sierra Leone,Sierra Leone,Republic of Sierra Leone,SL,Sierra Leonean leone,"Fiscal year end: June 30; reporting period for national accounts data: CY. April 2013 database update: Based on official government statistics, national accounts data were revised for 1990 onward; the base year changed to 2006.",Sub-Saharan Africa,Low income,SL,2006,,Value added at basic prices (VAB),IDA,HIPC,Country uses the 1993 System of National Accounts methodology.,,2005,"IMF Balance of Payments Manual, 6th edition."
SLV,El Salvador,El Salvador,Republic of El Salvador,SV,U.S. dollar,,Latin America & Caribbean,Lower middle income,SV,1990,,Value added at basic prices (VAB),IBRD,,Country uses the 1968 System of National Accounts methodology.,,,"IMF Balance of Payments Manual, 6th edition."
SMR,San Marino,San Marino,Republic of San Marino,SM,Euro,,Europe & Central Asia,High income: nonOECD,SM,1990,2000,Value added at basic prices (VAB),,,Country uses the 1993 System of National Accounts methodology.,,,
SOM,Somalia,Somalia,Somali Democratic Republic,SO,Somali shilling,,Sub-Saharan Africa,Low income,SO,1985,,Value added at basic prices (VAB),IDA,HIPC,Country uses the 1968 System of National Accounts methodology.,1977–90,,
SRB,Serbia,Serbia,Republic of Serbia,RS,New Serbian dinar,"Montenegro declared independence from Serbia and Montenegro on June 3, 2006. Where available, data for each country are shown separately. However, for Serbia, some indicators, such as those series for which data appear only for Serbia and not Montenegro--e.g., aid, environment, external debt, balance of payments, various social indicators excluding population--continue to include data for Montenegro through 2005. Moreover, data from 1999 onward for Serbia for most indicators exclude data for Kosovo, 1999 being the year when Kosovo became a territory under international administration pursuant to UN Security Council Resolution 1244 (1999); any exceptions are noted. Kosovo became a World Bank member on June 29, 2009; available data are shown separately for Kosovo. In 2011, the Statistical Office of Serbia improved the methodology of national accounts data for 2003 onward. Specifically, the classification of sectors was revised, and GDP is now calculated using chain linked volumes in 2005 prices.",Europe & Central Asia,Upper middle income,YF,Original chained constant price data are rescaled.,2002,Value added at basic prices (VAB),IBRD,,Country uses the 1993 System of National Accounts methodology.,,Rolling,"IMF Balance of Payments Manual, 6th edition."
SSA,Sub-Saharan Africa (developing only),Sub-Saharan Africa,Sub-Saharan Africa (developing only),ZF,,Sub-Saharan Africa regional aggregate (does not include high-income economies).,,,ZF,,,,,,,,,
SSD,South Sudan,South Sudan,Republic of South Sudan,SS,South Sudanese Pound,"South Sudan declared its independence on July 9, 2011. Data are shown separately for South Sudan where available. However, data reported for Sudan include South Sudan unless otherwise noted. Though limited data are available in the WDI database for South Sudan, additional data are available from South Sudan's National Bureau of Statistics (http://ssnbs.org/).",Sub-Saharan Africa,Lower middle income,SS,2009,,,IDA,,Country uses the 1993 System of National Accounts methodology.,,,
SSF,Sub-Saharan Africa (all income levels),Sub-Saharan Africa (all income levels),Sub-Saharan Africa (all income levels),ZG,,Sub-Saharan Africa regional aggregate (including high-income economies).,,,ZG,,,,,,,,,
STP,São Tomé and Principe,São Tomé and Principe,Democratic Republic of São Tomé and Principe,ST,São Tomé and Principe dobra,"Based on IMF data, national accounts data have been revised for 2000 onward; the new base year is 2000.",Sub-Saharan Africa,Lower middle income,ST,2000,,Value added at producer prices (VAP),IDA,HIPC,Country uses the 1993 System of National Accounts methodology.,,2005,"IMF Balance of Payments Manual, 6th edition."
SUR,Suriname,Suriname,Republic of Suriname,SR,Suriname dollar,,Latin America & Caribbean,Upper middle income,SR,2007,,Value added at basic prices (VAB),IBRD,,Country uses the 1993 System of National Accounts methodology.,,,"IMF Balance of Payments Manual, 6th edition."
SVK,Slovak Republic,Slovak Republic,Slovak Republic,SK,Euro,"A simple multiplier is used to convert the national currencies of EMU members to euros. The following irrevocable euro conversion rate entered into force on January 1, 2009: 1 euro = 30.126 Slovak koruna. Please note that historical data are not actual euros and are not comparable or suitable for aggregation across countries.",Europe & Central Asia,High income: OECD,SK,2005,,Value added at basic prices (VAB),,Euro area,Country uses the 1993 System of National Accounts methodology.,,Rolling,"IMF Balance of Payments Manual, 6th edition."
SVN,Slovenia,Slovenia,Republic of Slovenia,SI,Euro,"A simple multiplier is used to convert the national currencies of EMU members to euros. The following irrevocable euro conversion rate entered into force on January 1, 2007: 1 euro = 239.64 Slovenian tolar. Please note that historical data are not actual euros and are not comparable or suitable for aggregation across countries.",Europe & Central Asia,High income: OECD,SI,Original chained constant price data are rescaled.,2005,Value added at basic prices (VAB),,Euro area,Country uses the 1993 System of National Accounts methodology.,,Rolling,"IMF Balance of Payments Manual, 6th edition."
SWE,Sweden,Sweden,Kingdom of Sweden,SE,Swedish krona,Fiscal year end: June 30; reporting period for national accounts data: CY.,Europe & Central Asia,High income: OECD,SE,Original chained constant price data are rescaled.,2005,Value added at basic prices (VAB),,,Country uses the 1993 System of National Accounts methodology.,,Rolling,"IMF Balance of Payments Manual, 6th edition."
SWZ,Swaziland,Swaziland,Kingdom of Swaziland,SZ,Swaziland lilangeni,"Fiscal year end: March 31; reporting period for national accounts data: CY. In 2011, the Central Statistical Office revised national accounts data for 1990 onward.",Sub-Saharan Africa,Lower middle income,SZ,2000,,Value added at basic prices (VAB),IBRD,,Country uses the 1993 System of National Accounts methodology.,,2005,"IMF Balance of Payments Manual, 6th edition."
SXM,Sint Maarten (Dutch part),Sint Maarten (Dutch part),Sint Maarten (Dutch part),SX,Netherlands Antilles guilder,,Latin America & Caribbean,High income: nonOECD,SX,,,,,,Country uses the 1993 System of National Accounts methodology.,,,
SYC,Seychelles,Seychelles,Republic of Seychelles,SC,Seychelles rupee,"April 2013 database update: Based on official government statistics, national accounts data were revised for 1976 onward; the base year changed to 2006.",Sub-Saharan Africa,Upper middle income,SC,2006,,Value added at producer prices (VAP),IBRD,,Country uses the 1993 System of National Accounts methodology.,,,"IMF Balance of Payments Manual, 6th edition."
SYR,Syrian Arab Republic,Syrian Arab Republic,Syrian Arab Republic,SY,Syrian pound,"April 2013 database update: Based on data from the Central Bureau of Statistics, national accounts data were revised for 2003 onward.",Middle East & North Africa,Lower middle income,SY,2000,,Value added at basic prices (VAB),IBRD,,Country uses the 1968 System of National Accounts methodology.,1970–2010,2005,"IMF Balance of Payments Manual, 6th edition."
TCA,Turks and Caicos Islands,Turks and Caicos Islands,Turks and Caicos Islands,TC,U.S. dollar,,Latin America & Caribbean,High income: nonOECD,TC,,,,,,Country uses the 1993 System of National Accounts methodology.,,,
TCD,Chad,Chad,Republic of Chad,TD,CFA franc,"Based on IMF data, national accounts data have been revised for 2005 onward; the new base year is 2005.",Sub-Saharan Africa,Low income,TD,2005,,Value added at basic prices (VAB),IDA,HIPC,Country uses the 1993 System of National Accounts methodology.,,2005,"IMF Balance of Payments Manual, 6th edition."
TGO,Togo,Togo,Republic of Togo,TG,CFA franc,"April 2013 database update: Based on IMF data, national accounts data have been revised for 2000; the new base year is 2000.",Sub-Saharan Africa,Low income,TG,2000,,Value added at producer prices (VAP),IDA,HIPC,Country uses the 1968 System of National Accounts methodology.,,2005,"IMF Balance of Payments Manual, 6th edition."
THA,Thailand,Thailand,Kingdom of Thailand,TH,Thai baht,Fiscal year end: September 30; reporting period for national accounts data: CY.,East Asia & Pacific,Upper middle income,TH,1988,,Value added at producer prices (VAP),IBRD,,Country uses the 1993 System of National Accounts methodology.,,2005,"IMF Balance of Payments Manual, 6th edition."
TJK,Tajikistan,Tajikistan,Republic of Tajikistan,TJ,Tajik somoni,,Europe & Central Asia,Low income,TJ,Original chained constant price data are rescaled.,2000,Value added at basic prices (VAB),IDA,,Country uses the 1993 System of National Accounts methodology.,1990–95,2005,"IMF Balance of Payments Manual, 6th edition."
TKM,Turkmenistan,Turkmenistan,Turkmenistan,TM,New Turkmen manat,"On January 1, 2009, the Turkmen manat was redenominated (1 new manat = 5,000 old manats).",Europe & Central Asia,Upper middle income,TM,2005,,Value added at basic prices (VAB),IBRD,,Country uses the 1993 System of National Accounts methodology.,"1987–95, 1997–2007",,"IMF Balance of Payments Manual, 6th edition."
TLS,Timor-Leste,Timor-Leste,Democratic Republic of Timor-Leste,TL,U.S. dollar,"Based on official government statistics, national account data have been revised, and value added is measured at basic prices; the new base year is 2010.",East Asia & Pacific,Lower middle income,TP,2010,,Value added at basic prices (VAB),Blend,,Country uses the 2008 System of National Accounts methodology.,,,
TON,Tonga,Tonga,Kingdom of Tonga,TO,Tongan pa'anga,"Fiscal year ends on June 30; reporting period for national accounts data: FY. April 2013 database update: Based on data from the National Bureau of Statistics, national accounts data were revised; the base year changed to 2010/11.",East Asia & Pacific,Upper middle income,TO,2010/11,,Value added at basic prices (VAB),IDA,,Country uses the 1993 System of National Accounts methodology.,,,"IMF Balance of Payments Manual, 6th edition."
TTO,Trinidad and Tobago,Trinidad and Tobago,Republic of Trinidad and Tobago,TT,Trinidad and Tobago dollar,,Latin America & Caribbean,High income: nonOECD,TT,2000,,Value added at basic prices (VAB),IBRD,,Country uses the 1993 System of National Accounts methodology.,,,"IMF Balance of Payments Manual, 6th edition."
TUN,Tunisia,Tunisia,Republic of Tunisia,TN,Tunisian dinar,"National accounts data from 2005 onward have been revised based on data published by the Tunisian authorities. April 2012 database update: Based on data from the Central Bank and its Statistical Bulletin, national accounts data were revised for 1997 onward.",Middle East & North Africa,Upper middle income,TN,2005,,Value added at basic prices (VAB),IBRD,,Country uses the 1993 System of National Accounts methodology.,,2005,"IMF Balance of Payments Manual, 6th edition."
TUR,Turkey,Turkey,Republic of Turkey,TR,New Turkish lira,,Europe & Central Asia,Upper middle income,TR,1998,,Value added at basic prices (VAB),IBRD,,Country uses the 1993 System of National Accounts methodology.,,Rolling,"IMF Balance of Payments Manual, 6th edition."
TUV,Tuvalu,Tuvalu,Tuvalu,TV,Australian dollar,"Based on data from the IMF, World Bank and government official statistics, national accounts data have been revised from 2006 onward. Value added is measured at producer prices up to 1999 and at basic prices from 2000 onward.",East Asia & Pacific,Upper middle income,TV,2005,,Value added at basic prices (VAB),IDA,,Country uses the 1968 System of National Accounts methodology.,,,
TZA,Tanzania,Tanzania,United Republic of Tanzania,TZ,Tanzanian shilling,,Sub-Saharan Africa,Low income,TZ,Original chained constant price data are rescaled.,2001,Value added at basic prices (VAB),IDA,HIPC,Country uses the 1993 System of National Accounts methodology.,,2005,"IMF Balance of Payments Manual, 6th edition."
UGA,Uganda,Uganda,Republic of Uganda,UG,Ugandan shilling,"Fiscal year end: June 30; reporting period for national accounts data: FY. In 2011, the Bureau of Statistics revised national accounts series for 1998 onward; the base year for constant price series changed to 2001/02.",Sub-Saharan Africa,Low income,UG,2001/02,,Value added at basic prices (VAB),IDA,HIPC,Country uses the 1968 System of National Accounts methodology.,,2005,"IMF Balance of Payments Manual, 6th edition."
UKR,Ukraine,Ukraine,Ukraine,UA,Ukrainian hryvnia,,Europe & Central Asia,Lower middle income,UA,Original chained constant price data are rescaled.,2003,Value added at basic prices (VAB),IBRD,,Country uses the 1993 System of National Accounts methodology.,1987–95,2005,"IMF Balance of Payments Manual, 6th edition."
UMC,Upper middle income,Upper middle income,Upper middle income,XT,,"Upper middle income group aggregate. Upper-middle-income economies are those in which 2013 GNI per capita was between $4,126 and $12,745.",,,XT,,,,,,,,,
URY,Uruguay,Uruguay,Oriental Republic of Uruguay,UY,Uruguayan peso,"In 2011, the Central Bank revised national accounts data for 2006 onward.",Latin America & Caribbean,High income: nonOECD,UY,2005,,Value added at basic prices (VAB),IBRD,,Country uses the 1993 System of National Accounts methodology.,,2005,"IMF Balance of Payments Manual, 6th edition."
USA,United States,United States,United States of America,US,U.S. dollar,Fiscal year end: September 30; reporting period for national accounts data: CY.,North America,High income: OECD,US,Original chained constant price data are rescaled.,2005,Value added at basic prices (VAB),,,Country uses the 2008 System of National Accounts methodology.,,2011,"IMF Balance of Payments Manual, 6th edition."
UZB,Uzbekistan,Uzbekistan,Republic of Uzbekistan,UZ,Uzbek sum,,Europe & Central Asia,Lower middle income,UZ,Original chained constant price data are rescaled.,1997,Value added at basic prices (VAB),Blend,,Country uses the 1993 System of National Accounts methodology.,1990–95,,"IMF Balance of Payments Manual, 6th edition."
VCT,St. Vincent and the Grenadines,St. Vincent and the Grenadines,St. Vincent and the Grenadines,VC,East Caribbean dollar,"April 2012 database update: Based on official government statistics, national accounts data were revised for 2000 onward; the base year changed to 2006.",Latin America & Caribbean,Upper middle income,VC,2006,,Value added at basic prices (VAB),Blend,,Country uses the 1993 System of National Accounts methodology.,,,"IMF Balance of Payments Manual, 6th edition."
VEN,Venezuela,"Venezuela, RB",República Bolivariana de Venezuela,VE,Venezuelan bolivar fuerte,,Latin America & Caribbean,Upper middle income,VE,1997,,Value added at basic prices (VAB),IBRD,,Country uses the 1993 System of National Accounts methodology.,,2005,"IMF Balance of Payments Manual, 6th edition."
VIR,Virgin Islands,Virgin Islands (U.S.),Virgin Islands of the United States,VI,U.S. dollar,,Latin America & Caribbean,High income: nonOECD,VI,1982,,,,,Country uses the 1968 System of National Accounts methodology.,,,
VNM,Vietnam,Vietnam,Socialist Republic of Vietnam,VN,Vietnamese dong,"Based on data from the Vietnam Statistics Office, national accounts data have been revised from 2000 onward; the new base year is 2010.",East Asia & Pacific,Lower middle income,VN,2010,,Value added at producer prices (VAP),Blend,,Country uses the 1993 System of National Accounts methodology.,1991,2005,"IMF Balance of Payments Manual, 6th edition."
VUT,Vanuatu,Vanuatu,Republic of Vanuatu,VU,Vanuatu vatu,"Based on official government statistics, value added is measured at producer prices through 1997 and at basic prices from 1998 onward.",East Asia & Pacific,Lower middle income,VU,2006,,Value added at basic prices (VAB),IDA,,Country uses the 1993 System of National Accounts methodology.,,,"IMF Balance of Payments Manual, 6th edition."
WLD,World,World,World,1W,,World aggregate.,,,1W,,,,,,,,,
WSM,Samoa,Samoa,Samoa,WS,Samoan tala,Fiscal year ends on June 30; reporting period for national accounts data: FY. Data are revised from Samoa Bureau of Statistics and Central Bank of Samoa.,East Asia & Pacific,Lower middle income,WS,2002,,Value added at basic prices (VAB),IDA,,Country uses the 1993 System of National Accounts methodology.,,,"IMF Balance of Payments Manual, 6th edition."
XKX,Kosovo,Kosovo,Republic of Kosovo,,Euro,"Kosovo became a World Bank member on June 29, 2009. Since 1999, Kosovo has been a territory under international administration pursuant to UN Security Council Resolution 1244 (1999).",Europe & Central Asia,Lower middle income,KV,2008,,Value added at basic prices (VAB),IDA,,Country uses the 1993 System of National Accounts methodology.,,,
YEM,Yemen,"Yemen, Rep.",Republic of Yemen,YE,Yemeni rial,"Based on official government statistics and International Monetary Fund data, national accounts data have been revised for 1990 onward.",Middle East & North Africa,Lower middle income,RY,2007,,Value added at producer prices (VAP),IDA,,Country uses the 1993 System of National Accounts methodology.,1990–96,2005,"IMF Balance of Payments Manual, 6th edition."
ZAF,South Africa,South Africa,Republic of South Africa,ZA,South African rand,Fiscal year end: March 31; reporting period for national accounts data: CY.,Sub-Saharan Africa,Upper middle income,ZA,2005,,Value added at basic prices (VAB),IBRD,,Country uses the 1993 System of National Accounts methodology.,,2005,"IMF Balance of Payments Manual, 6th edition."
ZMB,Zambia,Zambia,Republic of Zambia,ZM,New Zambian kwacha,"National accounts data have rebased to reflect the January 1, 2013, introduction of the new Zambian kwacha at a rate of 1,000 old kwacha = 1 new kwacha.",Sub-Saharan Africa,Lower middle income,ZM,1994,,Value added at basic prices (VAB),IDA,HIPC,Country uses the 1968 System of National Accounts methodology.,1990–92,2005,"IMF Balance of Payments Manual, 6th edition."
ZWE,Zimbabwe,Zimbabwe,Republic of Zimbabwe,ZW,U.S. dollar,"Fiscal year end: June 30; reporting period for national accounts data: CY. As of January 2009, multiple hard currencies, such as rand, pound sterling, euro and U.S. dollar are in use. Data are reported in U.S. dollars, the most-used currency.",Sub-Saharan Africa,Low income,ZW,2009,,Value added at basic prices (VAB),Blend,,Country uses the 1993 System of National Accounts methodology.,"1991, 1998",2005,"IMF Balance of Payments Manual, 6th edition."